"Date","Price","Open","High","Low","Vol.","Change %"
"Dec 31, 2021","9.4320","10.2560","10.3970","9.3570","12.56M","-7.88%"
"Dec 30, 2021","10.2390","9.3110","10.6010","8.8000","18.61M","10.67%"
"Dec 29, 2021","9.2520","9.0570","9.9310","8.7810","19.82M","2.52%"
"Dec 28, 2021","9.0250","9.1490","9.7760","8.4420","30.12M","-1.24%"
"Dec 27, 2021","9.1380","7.9270","9.5600","7.6130","17.24M","15.28%"
"Dec 26, 2021","7.9270","7.6520","7.9690","7.1560","7.82M","4.08%"
"Dec 25, 2021","7.6160","7.9240","8.1310","7.2330","10.38M","-4.29%"
"Dec 24, 2021","7.9570","7.3050","7.9950","7.0670","13.83M","8.96%"
"Dec 23, 2021","7.3030","6.3650","7.4820","6.2310","18.56M","14.47%"
"Dec 22, 2021","6.3800","5.8420","6.5070","5.6120","9.44M","9.12%"
"Dec 21, 2021","5.8470","5.4760","5.8470","5.3340","5.87M","7.25%"
"Dec 20, 2021","5.4520","5.3280","5.5250","5.0850","4.74M","2.37%"
"Dec 19, 2021","5.3260","5.6010","5.6320","5.3070","5.83M","-4.96%"
"Dec 18, 2021","5.6040","5.5080","5.8600","5.4570","7.79M","1.65%"
"Dec 17, 2021","5.5130","5.6910","5.8360","5.3600","7.72M","-3.16%"
"Dec 16, 2021","5.6930","5.9470","6.2000","5.6590","8.88M","-4.16%"
"Dec 15, 2021","5.9400","5.7420","6.1540","5.6010","12.28M","3.54%"
"Dec 14, 2021","5.7370","5.6370","5.9200","5.3620","13.73M","1.88%"
"Dec 13, 2021","5.6310","5.5800","6.3270","5.2740","30.06M","0.84%"
"Dec 12, 2021","5.5840","5.7300","5.7300","5.3470","4.46M","-2.36%"
"Dec 11, 2021","5.7190","5.0800","5.7680","5.0070","8.95M","12.47%"
"Dec 10, 2021","5.0850","5.5230","5.6940","5.0690","8.29M","-7.75%"
"Dec 09, 2021","5.5120","6.6310","6.6340","5.4210","9.15M","-16.71%"
"Dec 08, 2021","6.6180","5.8660","6.8990","5.6460","14.10M","12.90%"
"Dec 07, 2021","5.8620","6.3080","6.4300","5.7940","9.07M","-7.29%"
"Dec 06, 2021","6.3230","5.2760","6.4710","4.8000","14.84M","19.89%"
"Dec 05, 2021","5.2740","5.8270","5.9680","5.0820","7.14M","-9.78%"
"Dec 04, 2021","5.8460","6.8360","6.8710","4.4620","20.20M","-14.64%"
"Dec 03, 2021","6.8490","7.3630","7.4770","6.6190","5.19M","-7.13%"
"Dec 02, 2021","7.3750","7.5530","7.6120","7.1920","5.51M","-2.37%"
"Dec 01, 2021","7.5540","8.0060","8.1710","7.5190","6.57M","-6.08%"
"Nov 30, 2021","8.0430","7.4650","8.0430","7.1840","8.00M","7.76%"
"Nov 29, 2021","7.4640","7.9440","8.1470","7.4480","8.70M","-6.05%"
"Nov 28, 2021","7.9450","7.0500","8.0330","6.6780","10.36M","12.62%"
"Nov 27, 2021","7.0550","7.0300","7.3340","6.9610","4.35M","0.87%"
"Nov 26, 2021","6.9940","8.2020","8.4080","6.8750","11.25M","-14.60%"
"Nov 25, 2021","8.1900","7.9500","8.4100","7.6600","7.16M","2.82%"
"Nov 24, 2021","7.9650","8.3750","8.4620","7.8270","4.70M","-4.79%"
"Nov 23, 2021","8.3660","8.2300","8.6540","8.1510","4.61M","1.70%"
"Nov 22, 2021","8.2260","8.7630","8.7630","8.1270","5.67M","-5.88%"
"Nov 21, 2021","8.7400","9.0490","9.1640","8.6820","4.21M","-3.37%"
"Nov 20, 2021","9.0450","8.9990","9.2330","8.7060","3.94M","0.49%"
"Nov 19, 2021","9.0010","8.7910","9.3290","8.6400","4.07M","2.34%"
"Nov 18, 2021","8.7950","9.7450","10.1340","8.6340","8.82M","-9.74%"
"Nov 17, 2021","9.7440","9.6520","10.0780","9.5160","3.15M","1.03%"
"Nov 16, 2021","9.6450","10.3400","10.3400","9.1370","5.45M","-6.72%"
"Nov 15, 2021","10.3400","11.0520","11.2090","10.3270","3.53M","-6.42%"
"Nov 14, 2021","11.0490","11.1840","11.2990","10.7800","1.28M","-1.22%"
"Nov 13, 2021","11.1860","10.9780","11.2230","10.7110","1.91M","1.89%"
"Nov 12, 2021","10.9790","11.1400","11.3800","10.5660","2.68M","-1.46%"
"Nov 11, 2021","11.1420","11.0820","11.4070","10.9180","2.91M","0.22%"
"Nov 10, 2021","11.1180","11.9780","12.2620","10.5070","5.64M","-7.13%"
"Nov 09, 2021","11.9710","12.3020","12.4390","11.9600","2.98M","-2.71%"
"Nov 08, 2021","12.3040","12.0940","12.3240","11.9470","2.78M","1.85%"
"Nov 07, 2021","12.0810","11.8450","12.2580","11.5530","3.42M","2.11%"
"Nov 06, 2021","11.8310","12.1350","12.2110","11.3100","4.03M","-2.58%"
"Nov 05, 2021","12.1440","12.9400","13.2150","12.1340","3.06M","-6.34%"
"Nov 04, 2021","12.9660","13.4370","13.4370","12.0640","5.07M","-3.40%"
"Nov 03, 2021","13.4230","12.1280","13.4390","11.8850","7.56M","10.72%"
"Nov 02, 2021","12.1230","12.7530","12.8080","12.0770","5.26M","-4.78%"
"Nov 01, 2021","12.7320","10.8950","13.0970","10.5620","11.97M","17.41%"
"Oct 31, 2021","10.8440","11.0730","11.2800","10.5810","3.48M","-1.90%"
"Oct 30, 2021","11.0540","11.4640","11.4670","10.8110","2.68M","-3.25%"
"Oct 29, 2021","11.4250","10.9720","11.7730","10.8750","4.17M","4.10%"
"Oct 28, 2021","10.9750","10.1500","10.9990","10.1020","5.09M","8.25%"
"Oct 27, 2021","10.1390","11.3820","12.2170","10.1390","8.35M","-10.85%"
"Oct 26, 2021","11.3730","10.7690","12.1520","10.7470","9.18M","5.61%"
"Oct 25, 2021","10.7690","10.5440","10.7700","10.4830","2.69M","2.23%"
"Oct 24, 2021","10.5340","10.9860","11.1390","10.2330","4.38M","-4.15%"
"Oct 23, 2021","10.9900","10.6900","11.0450","10.5300","3.37M","2.86%"
"Oct 22, 2021","10.6840","10.9110","11.3530","10.6050","3.55M","-1.91%"
"Oct 21, 2021","10.8920","11.5370","11.7110","10.8020","4.58M","-5.50%"
"Oct 20, 2021","11.5260","10.7220","11.5890","10.4790","4.18M","7.62%"
"Oct 19, 2021","10.7100","10.8000","11.0290","10.4750","2.82M","-0.91%"
"Oct 18, 2021","10.8080","11.1540","11.3370","10.7040","2.55M","-2.85%"
"Oct 17, 2021","11.1250","11.3990","11.7900","10.6900","4.03M","-2.17%"
"Oct 16, 2021","11.3720","11.0900","11.8760","10.8930","5.78M","2.61%"
"Oct 15, 2021","11.0830","10.7700","11.3360","10.3670","5.10M","3.07%"
"Oct 14, 2021","10.7530","10.2850","10.8350","10.1060","4.54M","4.58%"
"Oct 13, 2021","10.2820","10.0480","10.6510","9.7540","6.29M","2.37%"
"Oct 12, 2021","10.0440","10.3270","10.3400","9.6620","2.83M","-2.85%"
"Oct 11, 2021","10.3390","10.2470","10.8480","10.0000","2.93M","0.84%"
"Oct 10, 2021","10.2530","10.9490","11.0980","10.1930","2.97M","-6.25%"
"Oct 09, 2021","10.9360","10.7440","10.9740","10.5800","1.94M","2.12%"
"Oct 08, 2021","10.7090","10.7850","11.5130","10.6640","4.92M","-0.63%"
"Oct 07, 2021","10.7770","10.5340","11.0950","10.2370","4.00M","2.38%"
"Oct 06, 2021","10.5260","10.8430","10.9740","9.9000","5.65M","-3.13%"
"Oct 05, 2021","10.8660","10.3740","10.8660","10.2830","3.95M","4.91%"
"Oct 04, 2021","10.3570","10.8050","10.8120","10.0770","4.03M","-4.29%"
"Oct 03, 2021","10.8210","10.8900","11.1730","10.6540","2.89M","-0.67%"
"Oct 02, 2021","10.8940","10.8250","11.2980","10.5100","3.34M","0.63%"
"Oct 01, 2021","10.8260","10.1560","10.9630","10.0480","5.29M","6.47%"
"Sep 30, 2021","10.1680","9.5080","10.1680","9.4540","3.74M","7.11%"
"Sep 29, 2021","9.4930","9.6620","10.0800","9.2430","4.76M","-2.06%"
"Sep 28, 2021","9.6930","10.0080","10.3980","9.6260","7.75M","-3.13%"
"Sep 27, 2021","10.0060","11.3920","11.9530","9.9810","11.42M","-12.40%"
"Sep 26, 2021","11.4230","9.5050","11.5700","8.5090","17.86M","20.01%"
"Sep 25, 2021","9.5180","9.6690","9.8150","9.0800","4.93M","-1.57%"
"Sep 24, 2021","9.6700","10.6320","10.6440","8.9530","8.27M","-9.05%"
"Sep 23, 2021","10.6320","10.5130","10.8820","10.1230","6.51M","1.15%"
"Sep 22, 2021","10.5110","9.2310","10.6380","9.0670","6.17M","14.19%"
"Sep 21, 2021","9.2050","10.3190","10.8790","8.9460","8.19M","-10.92%"
"Sep 20, 2021","10.3330","12.0520","12.0640","9.9190","8.60M","-14.20%"
"Sep 19, 2021","12.0430","12.6830","12.7010","11.7950","5.11M","-5.09%"
"Sep 18, 2021","12.6890","12.5230","13.2800","12.1050","11.08M","1.51%"
"Sep 17, 2021","12.5000","14.9300","15.2450","12.3340","18.25M","-16.22%"
"Sep 16, 2021","14.9200","15.1640","16.1320","14.3870","15.48M","-1.49%"
"Sep 15, 2021","15.1460","13.2020","15.5230","12.6220","12.26M","15.00%"
"Sep 14, 2021","13.1710","11.0890","13.1840","10.9980","8.15M","18.93%"
"Sep 13, 2021","11.0750","11.8730","12.0500","10.0660","7.53M","-6.66%"
"Sep 12, 2021","11.8650","10.5740","11.9360","10.3540","5.44M","12.26%"
"Sep 11, 2021","10.5690","10.1360","10.8810","10.0620","2.75M","4.37%"
"Sep 10, 2021","10.1260","10.9990","11.3900","9.8110","4.46M","-7.90%"
"Sep 09, 2021","10.9940","11.3510","11.9150","10.9590","6.15M","-2.62%"
"Sep 08, 2021","11.2900","10.9700","11.6210","10.0830","5.86M","3.52%"
"Sep 07, 2021","10.9060","13.6350","13.7750","9.4400","10.83M","-19.91%"
"Sep 06, 2021","13.6180","14.2790","14.3050","13.2980","3.82M","-4.62%"
"Sep 05, 2021","14.2770","13.1050","14.2780","12.9850","6.40M","9.07%"
"Sep 04, 2021","13.0900","13.0740","13.3110","12.8360","2.88M","0.21%"
"Sep 03, 2021","13.0620","13.1050","13.5560","12.7700","3.81M","-0.34%"
"Sep 02, 2021","13.1070","13.8510","13.9290","12.9130","4.39M","-5.46%"
"Sep 01, 2021","13.8640","12.0500","13.9260","11.6910","8.75M","14.91%"
"Aug 31, 2021","12.0650","11.5270","12.2910","11.1490","6.55M","4.79%"
"Aug 30, 2021","11.5130","11.5930","12.1890","11.0070","5.06M","-0.71%"
"Aug 29, 2021","11.5950","11.7770","12.0470","11.2540","3.38M","-1.55%"
"Aug 28, 2021","11.7780","12.2200","12.2950","11.6010","2.52M","-3.55%"
"Aug 27, 2021","12.2110","11.6250","12.2730","11.2400","4.18M","5.11%"
"Aug 26, 2021","11.6170","12.2580","12.5010","11.2270","3.62M","-5.09%"
"Aug 25, 2021","12.2400","12.3120","12.6240","11.5420","5.17M","-0.59%"
"Aug 24, 2021","12.3130","13.7800","13.9320","12.2130","6.19M","-10.71%"
"Aug 23, 2021","13.7900","13.7680","14.1580","13.5500","3.44M","0.20%"
"Aug 22, 2021","13.7630","13.6700","14.0360","13.1140","3.30M","0.68%"
"Aug 21, 2021","13.6700","14.6620","14.7960","13.4970","5.49M","-6.80%"
"Aug 20, 2021","14.6670","14.0210","14.6980","13.5490","5.50M","4.71%"
"Aug 19, 2021","14.0070","12.5690","14.2460","12.0500","8.49M","11.57%"
"Aug 18, 2021","12.5550","12.5770","13.3570","12.0210","7.50M","-0.21%"
"Aug 17, 2021","12.5810","12.5490","14.4540","12.1010","11.47M","0.06%"
"Aug 16, 2021","12.5740","12.6200","13.4270","11.9760","7.91M","-0.25%"
"Aug 15, 2021","12.6060","12.2080","12.7120","11.5080","4.13M","3.28%"
"Aug 14, 2021","12.2060","12.5700","12.8580","11.8100","4.13M","-2.90%"
"Aug 13, 2021","12.5700","12.1460","12.5840","11.7910","5.10M","3.44%"
"Aug 12, 2021","12.1520","11.2060","12.1900","10.5230","7.34M","8.10%"
"Aug 11, 2021","11.2410","10.3700","12.1410","10.3580","8.60M","8.36%"
"Aug 10, 2021","10.3740","9.8070","10.6360","9.5990","7.38M","5.70%"
"Aug 09, 2021","9.8150","9.3800","10.1410","9.0490","5.09M","4.54%"
"Aug 08, 2021","9.3890","10.3520","10.4800","9.2230","4.17M","-9.24%"
"Aug 07, 2021","10.3450","9.8150","10.6850","9.7130","5.93M","5.62%"
"Aug 06, 2021","9.7950","9.6290","10.1100","8.9990","6.36M","1.65%"
"Aug 05, 2021","9.6360","8.7590","9.6550","8.1930","6.98M","10.04%"
"Aug 04, 2021","8.7570","8.0860","8.8770","7.9550","3.48M","8.26%"
"Aug 03, 2021","8.0890","8.3450","8.4590","7.8820","3.40M","-3.18%"
"Aug 02, 2021","8.3550","8.4840","8.7140","8.2830","2.76M","-1.58%"
"Aug 01, 2021","8.4890","8.8640","9.1950","8.3690","5.11M","-4.24%"
"Jul 31, 2021","8.8650","8.4730","9.0100","8.2160","4.90M","4.69%"
"Jul 30, 2021","8.4680","8.1870","8.5310","7.8620","4.99M","3.57%"
"Jul 29, 2021","8.1760","8.1590","8.2820","7.9920","4.74M","0.11%"
"Jul 28, 2021","8.1670","8.1840","8.4970","8.0180","6.19M","-0.24%"
"Jul 27, 2021","8.1870","8.2770","8.5260","7.8230","8.91M","-1.09%"
"Jul 26, 2021","8.2770","8.3250","9.6100","8.2520","10.21M","-0.65%"
"Jul 25, 2021","8.3310","8.0060","8.3330","7.8040","3.83M","0.18%"
"Jul 24, 2021","8.3160","8.5990","8.5990","8.2110","6.01M","-3.19%"
"Jul 23, 2021","8.5900","8.2360","8.6170","7.6630","9.10M","4.62%"
"Jul 22, 2021","8.2110","7.0930","8.2110","7.0410","11.55M","16.02%"
"Jul 21, 2021","7.0770","6.2950","7.1720","6.1450","5.67M","12.57%"
"Jul 20, 2021","6.2870","6.6330","6.7450","6.0330","4.86M","-5.22%"
"Jul 19, 2021","6.6330","7.0740","7.1410","6.4920","5.83M","-6.39%"
"Jul 18, 2021","7.0860","7.5020","7.9330","7.0210","6.30M","-5.46%"
"Jul 17, 2021","7.4950","6.3490","7.4950","6.3010","10.46M","18.05%"
"Jul 16, 2021","6.3490","6.7250","6.8770","6.3260","3.22M","-5.59%"
"Jul 15, 2021","6.7250","7.1190","7.3930","6.6160","4.78M","-5.65%"
"Jul 14, 2021","7.1280","7.1370","7.3400","6.7320","3.91M","-0.10%"
"Jul 13, 2021","7.1350","7.6350","7.6720","6.9300","3.21M","-6.83%"
"Jul 12, 2021","7.6580","8.1500","8.2760","7.4530","2.88M","-5.98%"
"Jul 11, 2021","8.1450","7.9890","8.3890","7.8280","2.82M","1.85%"
"Jul 10, 2021","7.9970","8.4090","8.6050","7.8400","2.68M","-4.87%"
"Jul 09, 2021","8.4060","7.7340","8.5830","7.6560","4.01M","6.08%"
"Jul 08, 2021","7.9240","8.7500","8.7880","7.8410","4.93M","-9.73%"
"Jul 07, 2021","8.7780","8.9780","9.3370","8.7480","6.27M","-3.88%"
"Jul 06, 2021","9.1320","8.0800","9.5080","8.0800","12.41M","13.23%"
"Jul 05, 2021","8.0650","7.9290","8.0650","7.3330","4.30M","1.59%"
"Jul 04, 2021","7.9390","7.9380","8.1880","7.8360","3.20M","3.78%"
"Jul 03, 2021","7.6500","7.4230","7.6650","7.3100","1.60M","3.14%"
"Jul 02, 2021","7.4170","7.4160","7.4170","7.0080","2.47M","-0.05%"
"Jul 01, 2021","7.4210","8.1580","8.1580","7.3470","3.62M","-8.94%"
"Jun 30, 2021","8.1500","7.9410","8.1580","7.3760","5.01M","3.15%"
"Jun 29, 2021","7.9010","7.6120","8.3000","7.6120","5.36M","4.23%"
"Jun 28, 2021","7.5800","7.1450","7.6920","7.0600","3.88M","6.51%"
"Jun 27, 2021","7.1170","6.8270","7.1170","6.5650","3.55M","4.28%"
"Jun 26, 2021","6.8250","6.2940","6.8250","6.1140","4.41M","8.13%"
"Jun 25, 2021","6.3120","7.0700","7.1380","6.3100","5.35M","-10.61%"
"Jun 24, 2021","7.0610","7.0540","7.2840","6.6840","4.74M","0.17%"
"Jun 23, 2021","7.0490","6.7870","7.3750","6.7870","7.03M","3.78%"
"Jun 22, 2021","6.7920","6.6490","7.4060","6.2710","14.47M","1.91%"
"Jun 21, 2021","6.6650","8.4450","8.4450","6.6450","10.98M","-20.81%"
"Jun 20, 2021","8.4160","7.4730","8.5430","7.3760","9.24M","12.71%"
"Jun 19, 2021","7.4670","7.8130","7.9000","7.4670","2.54M","-4.36%"
"Jun 18, 2021","7.8070","8.4680","8.4680","7.6950","3.57M","-7.73%"
"Jun 17, 2021","8.4610","8.4970","9.0030","8.2780","3.42M","-0.25%"
"Jun 16, 2021","8.4820","9.1070","9.1070","8.3900","4.38M","-6.88%"
"Jun 15, 2021","9.1090","9.2690","9.4720","9.0570","3.76M","-1.55%"
"Jun 14, 2021","9.2520","8.6560","9.2520","8.5660","4.81M","7.07%"
"Jun 13, 2021","8.6410","7.8390","8.7610","7.8390","4.22M","10.30%"
"Jun 12, 2021","7.8340","8.5380","8.5380","7.8340","4.84M","-8.50%"
"Jun 11, 2021","8.5620","9.4200","9.4350","8.4000","3.50M","-8.85%"
"Jun 10, 2021","9.3930","10.5350","10.5350","9.3930","3.72M","-10.88%"
"Jun 09, 2021","10.5400","10.0630","10.5400","9.6400","5.65M","4.51%"
"Jun 08, 2021","10.0850","10.2750","10.4520","9.4550","6.69M","-1.64%"
"Jun 07, 2021","10.2530","11.5410","11.7220","10.2530","4.07M","-11.16%"
"Jun 06, 2021","11.5410","11.5480","11.8090","11.4790","2.30M","-0.35%"
"Jun 05, 2021","11.5820","11.8860","12.4020","11.3730","5.14M","-2.20%"
"Jun 04, 2021","11.8430","13.1880","13.1900","11.6340","4.71M","-10.44%"
"Jun 03, 2021","13.2240","12.5140","13.4650","12.4100","4.04M","5.44%"
"Jun 02, 2021","12.5420","12.0850","12.8470","11.8200","4.94M","4.15%"
"Jun 01, 2021","12.0420","12.3990","12.5990","11.5460","5.00M","-3.87%"
"May 31, 2021","12.5270","10.7710","12.5270","10.1820","6.67M","15.49%"
"May 30, 2021","10.8470","10.0550","10.9240","9.8450","5.99M","8.10%"
"May 29, 2021","10.0340","10.5560","11.1510","9.7390","5.58M","-5.33%"
"May 28, 2021","10.5990","12.0830","12.0830","10.1890","8.51M","-12.35%"
"May 27, 2021","12.0930","13.4180","13.4180","11.8780","7.11M","-9.89%"
"May 26, 2021","13.4210","12.3430","13.5320","11.9200","13.47M","9.57%"
"May 25, 2021","12.2490","11.9290","12.2490","10.0180","16.90M","2.43%"
"May 24, 2021","11.9580","9.0560","12.0270","9.0560","17.91M","32.85%"
"May 23, 2021","9.0010","11.0720","11.1850","7.1110","33.62M","-18.48%"
"May 22, 2021","11.0420","12.7370","12.7370","10.0990","15.33M","-13.42%"
"May 21, 2021","12.7540","15.1140","16.3320","11.5700","15.78M","-15.61%"
"May 20, 2021","15.1140","13.4640","16.3850","12.3800","20.14M","14.66%"
"May 19, 2021","13.1820","21.5300","21.5300","13.1820","34.81M","-38.57%"
"May 18, 2021","21.4570","16.1780","21.7780","16.1780","19.43M","32.75%"
"May 17, 2021","16.1640","16.5380","17.9640","15.1340","11.46M","-2.30%"
"May 16, 2021","16.5440","16.1910","17.4600","15.0490","8.09M","2.34%"
"May 15, 2021","16.1660","18.6070","18.6800","16.1660","9.53M","-12.84%"
"May 14, 2021","18.5480","14.7760","18.7630","14.7760","10.28M","25.79%"
"May 13, 2021","14.7450","14.7340","16.5710","14.4160","12.14M","0.82%"
"May 12, 2021","14.6250","15.2660","18.1970","14.6250","19.71M","-4.01%"
"May 11, 2021","15.2360","13.7920","15.2360","13.5280","5.49M","10.13%"
"May 10, 2021","13.8340","15.5290","16.3680","13.5570","9.45M","-10.75%"
"May 09, 2021","15.5010","16.3330","16.4550","15.4340","4.76M","-4.81%"
"May 08, 2021","16.2840","15.7720","16.3430","15.6800","4.91M","3.02%"
"May 07, 2021","15.8070","16.5490","17.1070","15.8070","11.01M","-4.26%"
"May 06, 2021","16.5100","14.3810","16.5100","14.1710","15.81M","14.97%"
"May 05, 2021","14.3600","13.2090","14.3600","13.1480","4.43M","8.31%"
"May 04, 2021","13.2580","14.4070","14.4070","13.2580","5.79M","-7.89%"
"May 03, 2021","14.3930","13.8980","14.6270","13.8980","4.19M","3.54%"
"May 02, 2021","13.9010","14.8410","14.8410","13.7750","3.33M","-5.88%"
"May 01, 2021","14.7700","14.3100","15.1260","14.2850","3.05M","3.06%"
"Apr 30, 2021","14.3320","14.0620","14.5880","13.9540","3.12M","2.04%"
"Apr 29, 2021","14.0460","14.2920","14.6460","13.8320","5.05M","-1.68%"
"Apr 28, 2021","14.2860","14.3080","14.3080","13.4300","5.71M","0.06%"
"Apr 27, 2021","14.2770","12.1130","14.2770","12.1130","6.00M","17.54%"
"Apr 26, 2021","12.1470","10.9770","12.1610","10.9770","4.42M","11.24%"
"Apr 25, 2021","10.9200","10.7230","11.5050","10.5370","3.29M","2.02%"
"Apr 24, 2021","10.7040","11.8160","11.8160","10.6860","3.53M","-9.50%"
"Apr 23, 2021","11.8270","12.2900","12.2900","10.4480","9.43M","-3.97%"
"Apr 22, 2021","12.3160","12.5530","14.1010","12.3160","9.33M","-1.24%"
"Apr 21, 2021","12.4710","12.7190","13.4160","12.2030","5.55M","-2.09%"
"Apr 20, 2021","12.7370","12.1960","12.7370","11.6110","5.99M","4.79%"
"Apr 19, 2021","12.1550","14.0150","14.0150","11.9250","8.60M","-13.35%"
"Apr 18, 2021","14.0270","15.8700","15.8700","11.0830","14.88M","-11.60%"
"Apr 17, 2021","15.8670","16.2780","16.7500","15.7940","3.36M","-2.37%"
"Apr 16, 2021","16.2520","17.5750","17.5750","16.2520","4.81M","-7.37%"
"Apr 15, 2021","17.5460","17.5830","18.1360","17.4220","5.03M","-0.03%"
"Apr 14, 2021","17.5510","15.9070","17.5540","15.9070","7.59M","10.66%"
"Apr 13, 2021","15.8610","16.1270","16.2160","15.5210","5.62M","-1.19%"
"Apr 12, 2021","16.0520","14.2140","16.1520","14.0200","10.89M","13.15%"
"Apr 11, 2021","14.1870","14.5570","14.5570","14.1180","2.46M","-2.19%"
"Apr 10, 2021","14.5050","14.5350","15.0550","14.3550","2.41M","-0.24%"
"Apr 09, 2021","14.5400","14.4270","15.2110","14.4270","2.90M","0.74%"
"Apr 08, 2021","14.4330","13.9280","14.4670","13.9280","1.97M","4.24%"
"Apr 07, 2021","13.8460","15.3620","15.3620","13.7730","4.35M","-9.63%"
"Apr 06, 2021","15.3220","15.0620","15.7720","14.9990","3.51M","1.88%"
"Apr 05, 2021","15.0390","15.2980","15.4380","14.7870","3.22M","-1.40%"
"Apr 04, 2021","15.2520","14.7420","15.3660","14.7420","2.79M","2.90%"
"Apr 03, 2021","14.8220","16.4280","16.4760","14.8220","4.49M","-9.87%"
"Apr 02, 2021","16.4460","14.8730","16.4460","14.6650","4.51M","10.69%"
"Apr 01, 2021","14.8580","14.7810","15.1470","14.6670","3.43M","1.16%"
"Mar 31, 2021","14.6870","15.4150","15.5000","14.2590","4.49M","-4.77%"
"Mar 30, 2021","15.4220","15.8590","15.8590","15.3510","2.51M","-2.44%"
"Mar 29, 2021","15.8080","15.2770","15.9600","15.1280","3.19M","3.59%"
"Mar 28, 2021","15.2600","16.2550","16.3120","14.9500","2.62M","-5.69%"
"Mar 27, 2021","16.1810","16.8510","16.8510","15.8720","2.02M","-3.86%"
"Mar 26, 2021","16.8300","14.8550","16.8300","14.8550","2.72M","13.52%"
"Mar 25, 2021","14.8260","14.8970","15.1340","14.4100","4.67M","-1.03%"
"Mar 24, 2021","14.9810","16.3690","17.3100","14.9810","3.43M","-8.76%"
"Mar 23, 2021","16.4200","17.3930","17.4850","16.4200","2.73M","-5.14%"
"Mar 22, 2021","17.3100","18.8580","19.0210","17.3100","2.76M","-8.16%"
"Mar 21, 2021","18.8490","19.4190","19.6050","18.6010","2.38M","-3.15%"
"Mar 20, 2021","19.4620","20.2820","20.8960","19.4620","1.87M","-4.14%"
"Mar 19, 2021","20.3030","19.7240","20.3030","19.5360","2.39M","2.97%"
"Mar 18, 2021","19.7170","19.9080","20.1850","19.7170","2.44M","-0.97%"
"Mar 17, 2021","19.9100","20.2320","20.2320","19.2040","2.17M","-1.52%"
"Mar 16, 2021","20.2170","19.7930","20.2220","19.3280","3.60M","2.11%"
"Mar 15, 2021","19.8000","20.7010","21.6180","19.8000","4.49M","-4.66%"
"Mar 14, 2021","20.7670","22.8160","22.8160","20.7670","5.96M","-9.21%"
"Mar 13, 2021","22.8730","19.3950","23.3160","19.3950","11.15M","18.23%"
"Mar 12, 2021","19.3470","18.6880","19.3470","18.2810","6.20M","4.03%"
"Mar 11, 2021","18.5970","17.9560","18.6220","17.2270","5.46M","3.62%"
"Mar 10, 2021","17.9470","19.7050","19.7050","17.9470","4.39M","-8.75%"
"Mar 09, 2021","19.6670","17.2640","19.6670","17.1100","7.81M","14.26%"
"Mar 08, 2021","17.2120","18.0530","18.0530","16.8920","4.20M","-4.01%"
"Mar 07, 2021","17.9310","16.5920","17.9310","16.4480","4.54M","8.08%"
"Mar 06, 2021","16.5910","16.6410","16.7900","16.0530","2.66M","-0.22%"
"Mar 05, 2021","16.6270","17.3400","17.3400","16.0010","4.79M","-4.12%"
"Mar 04, 2021","17.3420","17.3100","18.2850","17.1460","6.43M","-0.52%"
"Mar 03, 2021","17.4330","17.8170","18.8500","17.4330","7.77M","-2.39%"
"Mar 02, 2021","17.8600","18.9110","20.3270","17.0610","17.24M","-5.30%"
"Mar 01, 2021","18.8590","15.0780","18.8590","15.0780","6.52M","25.20%"
"Feb 28, 2021","15.0630","16.2330","16.2330","14.0960","6.53M","-7.52%"
"Feb 27, 2021","16.2880","15.3640","17.2420","15.3640","7.15M","6.08%"
"Feb 26, 2021","15.3540","14.3370","16.4810","13.2680","9.29M","7.88%"
"Feb 25, 2021","14.2330","14.7240","16.7670","14.2330","9.28M","-3.43%"
"Feb 24, 2021","14.7390","14.8800","15.6630","14.1610","5.50M","-0.58%"
"Feb 23, 2021","14.8250","16.5960","16.7140","13.0360","12.25M","-10.68%"
"Feb 22, 2021","16.5970","17.3290","17.3290","15.5900","10.98M","-4.24%"
"Feb 21, 2021","17.3310","18.3230","18.6550","17.1310","5.92M","-5.49%"
"Feb 20, 2021","18.3380","14.5900","19.3940","14.5900","19.67M","26.32%"
"Feb 19, 2021","14.5170","15.8290","15.8290","14.3290","8.15M","-8.05%"
"Feb 18, 2021","15.7880","16.2000","16.6880","15.7640","3.86M","-2.43%"
"Feb 17, 2021","16.1810","16.4890","16.6790","15.0090","6.45M","-1.65%"
"Feb 16, 2021","16.4520","17.2670","17.5880","16.0800","4.81M","-4.55%"
"Feb 15, 2021","17.2370","15.0230","17.9260","12.9310","10.95M","15.52%"
"Feb 14, 2021","14.9210","16.0360","16.0740","14.9210","3.36M","-6.74%"
"Feb 13, 2021","15.9990","16.6150","17.1150","15.9000","3.57M","-3.37%"
"Feb 12, 2021","16.5570","16.7980","17.2710","16.0770","5.59M","-1.98%"
"Feb 11, 2021","16.8920","14.8990","17.1790","14.4080","7.92M","13.51%"
"Feb 10, 2021","14.8810","14.3240","15.6530","14.1580","8.82M","4.19%"
"Feb 09, 2021","14.2820","14.1480","14.5640","13.6600","6.89M","1.36%"
"Feb 08, 2021","14.0910","13.1800","14.4320","12.8880","7.74M","6.92%"
"Feb 07, 2021","13.1790","13.7680","13.7750","12.3350","9.47M","-4.27%"
"Feb 06, 2021","13.7670","15.0030","15.0030","13.4880","10.85M","-8.02%"
"Feb 05, 2021","14.9670","15.3780","15.6620","14.8850","7.53M","-2.84%"
"Feb 04, 2021","15.4040","14.2220","16.3890","14.2220","12.95M","8.44%"
"Feb 03, 2021","14.2050","12.6710","14.6620","12.6710","9.27M","12.36%"
"Feb 02, 2021","12.6420","13.0380","13.5970","12.2120","11.13M","-3.08%"
"Feb 01, 2021","13.0440","10.1300","13.0440","9.8700","13.46M","28.84%"
"Jan 31, 2021","10.1240","10.3920","10.6960","9.8500","18.00M","-2.36%"
"Jan 30, 2021","10.3690","8.9700","10.3690","8.6700","12.45M","15.38%"
"Jan 29, 2021","8.9870","8.2640","8.9870","7.9890","11.71M","9.05%"
"Jan 28, 2021","8.2410","7.0610","8.4100","7.0610","13.09M","15.99%"
"Jan 27, 2021","7.1050","8.1560","8.1560","7.1050","12.31M","-12.90%"
"Jan 26, 2021","8.1570","7.6010","8.1570","7.0850","17.93M","7.29%"
"Jan 25, 2021","7.6030","8.2980","9.1410","7.6030","17.36M","-8.69%"
"Jan 24, 2021","8.3270","7.0760","8.4050","7.0760","10.42M","17.83%"
"Jan 23, 2021","7.0670","6.7270","7.3500","6.7270","6.63M","4.85%"
"Jan 22, 2021","6.7400","5.6030","6.9770","5.6030","10.06M","19.86%"
"Jan 21, 2021","5.6230","7.3000","7.3000","5.5760","13.13M","-22.91%"
"Jan 20, 2021","7.2940","6.5260","7.2940","6.2520","10.45M","11.21%"
"Jan 19, 2021","6.5590","7.4930","7.5290","6.5590","9.70M","-12.28%"
"Jan 18, 2021","7.4770","7.0850","7.5960","6.9260","10.18M","5.97%"
"Jan 17, 2021","7.0560","7.1410","7.5770","6.8290","11.75M","-1.09%"
"Jan 16, 2021","7.1340","6.4310","7.3000","6.1740","14.65M","11.42%"
"Jan 15, 2021","6.4030","5.6990","6.5920","5.5850","19.94M","12.59%"
"Jan 14, 2021","5.6870","5.1230","5.6870","5.1230","13.41M","10.99%"
"Jan 13, 2021","5.1240","4.2700","5.1240","4.2400","13.95M","19.80%"
"Jan 12, 2021","4.2770","3.8830","4.4090","3.8080","13.91M","10.23%"
"Jan 11, 2021","3.8800","4.3910","4.3910","3.2380","16.78M","-11.66%"
"Jan 10, 2021","4.3920","4.6780","4.7950","4.1150","9.92M","-5.79%"
"Jan 09, 2021","4.6620","4.2940","4.8770","4.2260","15.19M","8.62%"
"Jan 08, 2021","4.2920","3.9630","4.3180","3.6400","17.55M","8.66%"
"Jan 07, 2021","3.9500","3.8970","4.1600","3.7630","14.63M","1.75%"
"Jan 06, 2021","3.8820","3.8750","4.0240","3.6030","12.53M","0.75%"
"Jan 05, 2021","3.8530","3.5690","3.9560","3.2570","19.03M","7.81%"
"Jan 04, 2021","3.5740","3.4600","4.0170","3.3120","21.25M","3.99%"
"Jan 03, 2021","3.4370","3.2010","3.4610","3.0200","16.07M","7.44%"
"Jan 02, 2021","3.1990","3.3350","3.3350","3.1320","14.23M","-4.02%"
"Jan 01, 2021","3.3330","2.8640","3.3330","2.8360","16.96M","16.25%"